Subcorpus	File_level	File_series	VDE	Collocate	Collocate_lemma	USAS	Concordance1	Concordance2	Concordance3
BNCspoken	filename#284		produce	art	art	Arts & Crafts		making	
Youth_Fiction	file_276		produce	basket	basket	Arts & Crafts		make	
BNCspoken	filename#1027		produce	bobbles	bobble	Arts & Crafts		made	
BNCspoken	filename#544		produce	candles	candle	Arts & Crafts		made	
BNCspoken	filename#446		produce	card	card	Arts & Crafts		made	
BNCspoken	filename#985		produce	cards	card	Arts & Crafts		making	
BNCspoken	filename#195		produce	cards	card	Arts & Crafts		made	
BNCspoken	filename#361		produce	colours	collage	Arts & Crafts		make	
BNCspoken	filename#243		produce	content	colour	Arts & Crafts		making	
spoken	B	Join the Team	produce	decorations	decoration	Arts & Crafts		make	
spoken	D	Piece of cake	produce	drawing	drawing	Arts & Crafts		made	
BNCspoken	filename#480		produce	fairytale	fairytale	Arts & Crafts		made	
BNCspoken	filename#950		produce	frames	frame	Arts & Crafts		make	
TxBnar	E	Achievers	produce	rat	rat	Arts & Crafts		made	
TxBnar	C	Access	produce	mask	mask	Arts & Crafts		made	
BNCspoken	filename#228		produce	panorama	panorama	Arts & Crafts		made	
Youth_Fiction	file_159		produce	parchment	parchment	Arts & Crafts		made	
BNCspoken	filename#1181		produce	picture	picture	Arts & Crafts		make	
spoken	B	Access	produce	pictures	picture	Arts & Crafts		made	
BNCspoken	filename#1214		produce	poetry	poetry	Arts & Crafts		made	
Youth_Fiction	file_297		produce	ring	ring	Arts & Crafts		made	
spoken	C	New Green Line	produce	ring	ring	Arts & Crafts		made	
spoken	C	New Green Line	produce	ring	ring	Arts & Crafts		made	
BNCspoken	filename#83		produce	stamps	stamp	Arts & Crafts		make	
Youth_Fiction	file_83		produce	thing	thing	Materials & Equipment		made	
BNCspoken	filename#162		produce	body	body	World, Life & Body		made	
BNCspoken	filename#1069		produce	filling	filling	Materials & Equipment		made	
spoken	C	Hi there	produce	fingerprints	fingerprint	World, Life & Body		make	
TxBnar	B	Join the Team	produce	hair	hair	Materials & Equipment		made	
Youth_Fiction	file_7		produce	leg	leg	World, Life & Body		make	
BNCspoken	filename#1091		produce	tea	teeth	World, Life & Body		made	
BNCspoken	filename#930		produce	bag	bag	Clothing & Accessories		make	
spoken	C	New Green Line	produce	belts	belt	Clothing & Accessories		make	
Youth_Fiction	file_106		produce	bracelet	bracelet	Clothing & Accessories		made	
Youth_Fiction	file_39		produce	clothes	clothes	Clothing & Accessories		make	
Youth_Fiction	file_262		produce	clothes	clothes	Clothing & Accessories		making	
spoken	D	New Green Line	produce	clothes	clothes	Clothing & Accessories		made	
spoken	A	Solutions	produce	clothes	clothes	Clothing & Accessories		made	
spoken	C	Solutions	produce	clothes	clothes	Clothing & Accessories		made	
spoken	A	Solutions	produce	clothes	clothes	Clothing & Accessories		make	
spoken	A	Solutions	produce	clothes	clothes	Clothing & Accessories		make	
spoken	D	Solutions	produce	clothing	clothing	Clothing & Accessories		made	
spoken	B	Join the Team	produce	costume	costume	Clothing & Accessories		made	
spoken	C	Piece of cake	produce	dress	dress	Clothing & Accessories		made	
spoken	C	New Green Line	produce	dress	dress	Clothing & Accessories		made	
spoken	D	Solutions	produce	dress	dress	Clothing & Accessories		made	
spoken	C	Green Line	produce	dress	dress	Clothing & Accessories		make	
Youth_Fiction	file_39		produce	dresses	dress	Clothing & Accessories		make	
Youth_Fiction	file_126		produce	fragrance	fragrance	Clothing & Accessories		Made	
BNCspoken	filename#786		produce	hat	hat	Clothing & Accessories		make	
Youth_Fiction	file_70		produce	helmet	helmet	Clothing & Accessories		made	
spoken	C	Solutions	produce	jacket	jacket	Clothing & Accessories		made	
TxBnar	D	New Green Line	produce	necklace	necklace	Clothing & Accessories		make	
BNCspoken	filename#120		produce	necklace	necklace	Clothing & Accessories		made	
BNCspoken	filename#120		produce	necklace	necklace	Clothing & Accessories		made	
TxBnar	C	Green Line	produce	shoes	shoe	Clothing & Accessories		make	
TxBnar	A	Join the Team	produce	shoes	shoe	Clothing & Accessories		make	
BNCspoken	filename#930		produce	sock	sock	Clothing & Accessories		making	
Youth_Fiction	file_190		produce	swings	T-shirt	Clothing & Accessories		made	
spoken	C	Achievers	produce	T-shirt	T-shirt	Clothing & Accessories		made	
spoken	D	Join the Team	produce	trousers	trousers	Clothing & Accessories		made	
Youth_Fiction	file_214		produce	book	book	Language & Communication		making	
BNCspoken	filename#254		produce	book	book	Language & Communication		made	
spoken	C	New Green Line	produce	copies	content	Language & Communication		make	
TxBnar	C	Join the Team	produce	report	report	Language & Communication		made	
TxBnar	E	Hi there	produce	list	list	Language & Communication		made	
Youth_Fiction	file_127		produce	list	list	Language & Communication		make	
Youth_Fiction	file_268		produce	magazine	magazine	Language & Communication		making	
TxBnar	A	Access	produce	poster	poster	Language & Communication		make	
TxBnar	A	Access	produce	poster	poster	Language & Communication		make	
TxBnar	B	New Green Line	produce	poster	poster	Language & Communication		make	
TxBnar	A	Access	produce	poster	poster	Language & Communication		make	
spoken	D	Solutions	produce	posters	poster	Language & Communication		made	
BNCspoken	filename#516		produce	programmes	programme	Language & Communication		making	
TxBnar	C	Join the Team	produce	recordings	recording	Language & Communication		made	
TxBnar	D	Green Line	produce	reports	report	Language & Communication		make	
BNCspoken	filename#269		produce	schedules	schedule	Language & Communication		make	
TxBnar	C	Join the Team	produce	signs	sign	Language & Communication		making	
TxBnar	C	Piece of cake	produce	story	story	Language & Communication		made	
Youth_Fiction	file_131		produce	teeth	term	Language & Communication		made	
Youth_Fiction	file_21		produce	will	will	Language & Communication		made	
spoken	C	Solutions	produce	words	word	Language & Communication		make	
BNCspoken	filename#1225		produce	booze	booze	Drink		made	
TxBnar	D	English in Mind	produce	coffee	cocoa	Drink		make	
Youth_Fiction	file_200		produce	coffee	coffee	Drink		made	
BNCspoken	filename#219		produce	coffee	coffee	Drink		making	
BNCspoken	filename#63		produce	coffee	coffee	Drink		make	
BNCspoken	filename#1120		produce	coffee	coffee	Drink		make	
BNCspoken	filename#926		produce	coffee	coffee	Drink		making	
Youth_Fiction	file_186		produce	collages	coffee	Drink		making	
Youth_Fiction	file_115		produce	cup of cocoa	cup of cocoa	Drink		Made	
TxBnar	D	Green Line	produce	cup of tea	cup of tea	Drink		made	
spoken	A	Access	produce	cup of tea	cup of tea	Drink		make	
spoken	A	Access	produce	cup of tea	cup of tea	Drink		makes	
BNCspoken	filename#565		produce	drink	drink	Drink		make	
TxBnar	E	Achievers	produce	alcohol	alcohol	Drink		made	
BNCspoken	filename#380		produce	hot chocolate	hot chocolate	Drink		make	
BNCspoken	filename#640		produce	jug of love	jug of love	Drink		make	
BNCspoken	filename#540		produce	milk	milk	Drink		made	
Youth_Fiction	file_76		produce	milkshake	milkshake	Drink		made	
Youth_Fiction	file_165		produce	pots of tea	pots of tea	Drink		make	
Youth_Fiction	file_67		produce	splot	splot	Drink		make	
Youth_Fiction	file_113		produce	TCS	tea	Drink		make	
TxBnar	D	New Green Line	produce	tea	tea	Drink		made	
TxBnar	B	Access	produce	tea	tea	Drink		make	
TxBnar	B	New Green Line	produce	tea	tea	Drink		make	
TxBnar	E	Join the Team	produce	tea	tea	Drink		make	
spoken	B	Access	produce	tea	tea	Drink		make	
spoken	B	New Green Line	produce	tea	tea	Drink		make	
spoken	E	New Green Line	produce	tea	tea	Drink		making	
BNCspoken	filename#946		produce	tea	tea	Drink		make	
BNCspoken	filename#1179		produce	tea	tea	Drink		make	
BNCspoken	filename#432		produce	tea	tea	Drink		make	
BNCspoken	filename#929		produce	tea	tea	Drink		make	
Youth_Fiction	file_159		produce	wine	wine	Drink		made	
BNCspoken	filename#1138		produce	wine	wine	Drink		make	
BNCspoken	filename#1095		produce	wine	wine	Drink		make	
BNCspoken	filename#1058		produce	bacon rolls	bacon roll	Food		make	
BNCspoken	filename#675		produce	bagels	bagel	Food		making	
BNCspoken	filename#350		produce	bhaji	bhaji	Food		make	
spoken	A	Solutions	produce	biscuits	biscuit	Food		make	
spoken	D	Access	produce	bread	bread	Food		make	
BNCspoken	filename#1073		produce	bread	bread	Food		make	
BNCspoken	filename#886		produce	bread	bread	Food		make	
BNCspoken	filename#804		produce	breadcrumbs	breadcrumb	Food		made	
TxBnar	D	Achievers	produce	breakfast	breakfast	Food		made	
TxBnar	C	Access	produce	breakfast	breakfast	Food		making	
Youth_Fiction	file_281		produce	breakfast	breakfast	Food		made	
spoken	A	Access	produce	breakfast	breakfast	Food		make	
spoken	A	Access	produce	breakfast	breakfast	Food		make	
spoken	A	New Green Line	produce	breakfast	breakfast	Food		make	
spoken	C	Hi there	produce	breakfast	breakfast	Food		make	
spoken	A	New Green Line	produce	breakfast	breakfast	Food		make	
spoken	A	Green Line	produce	breakfast	breakfast	Food		makes	
spoken	A	Green Line	produce	breakfast	breakfast	Food		makes	
spoken	A	New Green Line	produce	breakfast	breakfast	Food		makes	
spoken	A	Green Line	produce	breakfast	breakfast	Food		make	
spoken	B	Access	produce	breakfast	breakfast	Food		made	
BNCspoken	filename#511		produce	breakfast	breakfast	Food		making	
BNCspoken	filename#863		produce	brownies	brownies	Food		make	
BNCspoken	filename#139		produce	bulgar	bulgar	Food		making	
BNCspoken	filename#947		produce	burger	burger	Food		made	
TxBnar	A	Green Line	produce	cake	cake	Food		making	
spoken	E	Hi there	produce	cake	cake	Food		make	
spoken	A	New Green Line	produce	cake	cake	Food		make	
spoken	A	Green Line	produce	cake	cake	Food		make	
spoken	A	Green Line	produce	cake	cake	Food		make	
spoken	A	Solutions	produce	cake	cake	Food		make	
spoken	A	Green Line	produce	cake	cake	Food		make	
BNCspoken	filename#271		produce	cake	cake	Food		made	
BNCspoken	filename#90		produce	cake	cake	Food		make	
BNCspoken	filename#54		produce	cake	cake	Food		making	
spoken	B	English in Mind	produce	cakes	cake	Food		make	
spoken	B	English in Mind	produce	cakes	cake	Food		making	
spoken	C	English in Mind	produce	cakes	cake	Food		make	
BNCspoken	filename#886		produce	cakes	cake	Food		make	
BNCspoken	filename#464		produce	cakes	cake	Food		made	
BNCspoken	filename#960		produce	canapés	canapé	Food		make	
BNCspoken	filename#609		produce	cheese	cheese	Food		making	
BNCspoken	filename#24		produce	cheese	cheese	Food		made	
TxBnar	D	Green Line	produce	chili	chili	Food		make	
BNCspoken	filename#400		produce	chips	chips	Food		made	
BNCspoken	filename#389		produce	chips	chips	Food		make	
spoken	B	Access	produce	chocolates	chocolate	Food		makes	
spoken	D	New Green Line	produce	chowder	chowder	Food		make	
BNCspoken	filename#930		produce	chutney	chutney	Food		make	
spoken	A	Hi there	produce	crumble	crumble	Food		make	
BNCspoken	filename#604		produce	crumble	crumble	Food		made	
BNCspoken	filename#1143		produce	curries	curry	Food		make	
TxBnar	C	Access	produce	curry	curry	Food		make	
BNCspoken	filename#141		produce	curry	curry	Food		made	
BNCspoken	filename#391		produce	curry	curry	Food		make	
TxBnar	A	Access	produce	dinner	dinner	Food		made	
spoken	A	New Green Line	produce	dinner	dinner	Food		making	
spoken	D	New Green Line	produce	dinner	dinner	Food		made	
spoken	A	Solutions	produce	dinner	dinner	Food		make	
BNCspoken	filename#852		produce	supper	supper	Food		making	
BNCspoken	filename#189		produce	[food]	[food]	Food		make	
BNCspoken	filename#1201		produce	[food]	[food]	Food		makes	
BNCspoken	filename#556		produce	[food]	[food]	Food		making	
BNCspoken	filename#646		produce	[food]	[food]	Food		make	
BNCspoken	filename#1063		produce	[food]	[food]	Food		make	
BNCspoken	filename#564		produce	[food]	[food]	Food		made	
TxBnar	A	Green Line	produce	[food]	[food]	Food		makes	
TxBnar	D	New Green Line	produce	food	food	Food		making	
Youth_Fiction	file_240		produce	food	food	Food		makes	
spoken	B	Access	produce	fruit	fruit	Food		makes	
BNCspoken	filename#946		produce	fudge	fudge	Food		make	
BNCspoken	filename#2		produce	ginger honey lemon	ginger honey lemon	Food		make	
spoken	B	Hi there	produce	gingerbread men	gingerbread men	Food		made	
BNCspoken	filename#71		produce	gravy	gravy	Food		make	
BNCspoken	filename#189		produce	gravy	gravy	Food		make	
BNCspoken	filename#170		produce	gravy	gravy	Food		make	
Youth_Fiction	file_237		produce	gruel	gruel	Food		made	
BNCspoken	filename#953		produce	guacamole	guacamole	Food		made	
BNCspoken	filename#271		produce	gypsy tart	gypsy tart	Food		make	
BNCspoken	filename#240		produce	ice cream	ice cream	Food		make	
BNCspoken	filename#1118		produce	icing	icing	Food		make	
BNCspoken	filename#125		produce	jam	jam	Food		making	
BNCspoken	filename#1188		produce	jam	jam	Food		made	
BNCspoken	filename#91		produce	jams	jam	Food		made	
Youth_Fiction	file_28		produce	junk [food]	junk [food]	Food		made	
spoken	B	New Green Line	produce	kimbap	kimbap	Food		made	
BNCspoken	filename#1038		produce	lasagne	lasagne	Food		made	
TxBnar	A	Green Line	produce	lunch	lunch	Food		making	
TxBnar	A	Green Line	produce	lunch	lunch	Food		making	
TxBnar	E	Hi there	produce	lunch	lunch	Food		making	
BNCspoken	filename#454		produce	mash	mash	Food		make	
BNCspoken	filename#630		produce	matzah ball	matzah	Food		make	
spoken	C	New Green Line	produce	meal	meal	Food		make	
Youth_Fiction	file_94		produce	meat patties	meat pattie	Food		makes	
BNCspoken	filename#767		produce	mince meat	mince meat	Food		make	
BNCspoken	filename#767		produce	mince pies	mince pie	Food		making	
BNCspoken	filename#767		produce	mince pies	mince pie	Food		make	
BNCspoken	filename#1130		produce	mousse	mousse	Food		make	
spoken	D	Access	produce	muffins	muffin	Food		making	
Youth_Fiction	file_174		produce	objects	omelet	Food		made	
Youth_Fiction	file_141		produce	opening	pancake	Food		make	
spoken	C	Solutions	produce	pancake	pancake	Food		makes	
BNCspoken	filename#86		produce	pancake	pancake	Food		make	
TxBnar	C	Access	produce	pancakes	pancake	Food		made	
BNCspoken	filename#681		produce	pancakes and cupcakes	pancakes and cupcake	Food		making	
BNCspoken	filename#1017		produce	pasta	pasta	Food		make	
spoken	B	Access	produce	pasties	pasty	Food		make	
spoken	A	New Green Line	produce	pie	pie	Food		make	
spoken	B	English in Mind	produce	pitta	pitta	Food		made	
spoken	D	New Green Line	produce	pizza	pizza	Food		make	
spoken	D	New Green Line	produce	pizza	pizza	Food		make	
BNCspoken	filename#765		produce	pizza	pizza	Food		made	
spoken	B	Hi there	produce	pizzas	pizza	Food		making	
Youth_Fiction	file_216		produce	ring	ring	Arts & Crafts		made	
spoken	B	Access	produce	salad	salad	Food		make	
spoken	A	New Green Line	produce	salad	salad	Food		make	
spoken	E	Access	produce	salad	salad	Food		making	
TxBnar	B	Access	produce	sandwich	sandwich	Food		made	
TxBnar	B	Access	produce	sandwich	sandwich	Food		make	
TxBnar	B	Access	produce	sandwich	sandwich	Food		made	
Youth_Fiction	file_198		produce	sandwich	sandwich	Food		made	
spoken	C	New Green Line	produce	sandwich	sandwich	Food		make	
spoken	C	New Green Line	produce	sandwich	sandwich	Food		make	
spoken	E	English in Mind	produce	sandwich	sandwich	Food		made	
spoken	C	Green Line	produce	sandwich	sandwich	Food		make	
spoken	A	New Green Line	produce	sandwich	sandwich	Food		make	
BNCspoken	filename#609		produce	sandwich	sandwich	Food		make	
spoken	C	Solutions	produce	sandwiches	sandwich	Food		made	
spoken	C	Solutions	produce	sandwiches	sandwich	Food		made	
spoken	A	Solutions	produce	sandwiches	sandwich	Food		make	
BNCspoken	filename#993		produce	sandwiches	sandwich	Food		made	
BNCspoken	filename#725		produce	sandwiches	sandwich	Food		make	
spoken	D	Solutions	produce	sauce	sauce	Food		making	
spoken	A	Access	produce	scones	scone	Food		make	
spoken	B	Access	produce	scones	scone	Food		made	
spoken	B	Access	produce	scones	scone	Food		made	
TxBnar	D	New Green Line	produce	soup	soup	Food		make	
spoken	A	Solutions	produce	soup	soup	Food		making	
BNCspoken	filename#1122		produce	soup	soup	Food		make	
BNCspoken	filename#414		produce	soup	soup	Food		making	
BNCspoken	filename#123		produce	soup	soup	Food		made	
BNCspoken	filename#347		produce	soup	soup	Food		make	
BNCspoken	filename#604		produce	soup	soup	Food		makes	
BNCspoken	filename#604		produce	soup	soup	Food		makes	
BNCspoken	filename#1188		produce	sour cream	sour cream	Food		make	
BNCspoken	filename#616		produce	spaghetti	spaghetti	Food		make	
TxBnar	C	Access	produce	steak and pancakes	steak and pancake	Food		making	
spoken	A	Solutions	produce	T-shirt	T-shirt	Clothing & Accessories		made	
spoken	E	Hi there	produce	tank	tank	Materials & Equipment		make	
BNCspoken	filename#605		produce	toad-in-the-hole	toad-in-the-hole	Food		made	
TxBnar	B	Achievers	produce	toast	toast	Food		made	
BNCspoken	filename#1083		produce	toastie	toastie	Food		made	
spoken	D	Access	produce	tortillas	tortilla	Food		make	
spoken	A	New Green Line	produce	trifle and cake	trifle	Food		make	
BNCspoken	filename#77		produce	wedges	wedge	Food		make	
TxBnar	C	New Green Line	produce	[food]	[food]	Food		made	
TxBnar	C	New Green Line	produce	[food]	[food]	Food		made	
BNCspoken	filename#77		produce	wrap	wrap	Food		made	
BNCspoken	filename#862		produce	Yorkshire puddings	Yorkshire pudding	Food		made	
spoken	C	Solutions	produce	characters	character	Language & Communication		make	
TxBnar	D	Join the Team	produce	copy	copy	General & abstract terms		made	
spoken	B	Piece of cake	produce	costume	costume	Clothing & Accessories		made	
Youth_Fiction	file_7		produce	covering	covering	General & abstract terms		made	
Youth_Fiction	file_218		produce	crack	crack	General & abstract terms		make	
TxBnar	B	Join the Team	produce	cross	cross	General & abstract terms		made	
TxBnar	E	Access	produce	cuts	cut	World, Life & Body		made	
TxBnar	E	Join the Team	produce	depression	depression	General & abstract terms		make	
BNCspoken	filename#107		produce	Eton mess (not [food]!)	Eton Mess	General & abstract terms		made	
spoken	B	English in Mind	produce	fakes	fake	General & abstract terms		make	
TxBnar	D	Green Line	produce	fire	fire	Materials & Equipment		made	
TxBnar	C	Hi there	produce	for	future	General & abstract terms		make	
Youth_Fiction	file_43		produce	gods	god	General & abstract terms		made	
TxBnar	A	Green Line	produce	groups	group	General & abstract terms		Make	
spoken	C	Access	produce	groups	group	General & abstract terms		make	
BNCspoken	filename#1066		produce	hallmarks	hallmark	General & abstract terms		made	
spoken	E	Hi there	produce	history	history	General & abstract terms		make	
TxBnar	C	Achievers	produce	IDs	ID	General & abstract terms		made	
spoken	E	New Green Line	produce	laws	law	General & abstract terms		making	
TxBnar	D	New Green Line	produce	noise	object	Materials & Equipment		made	
TxBnar	D	Green Line	produce	omelets	opening	General & abstract terms		make	
BNCspoken	filename#177		produce	patterns	pattern	General & abstract terms		made	
TxBnar	C	Hi there	produce	rule	rule	General & abstract terms		made	
TxBnar	A	Green Line	produce	rules	rule	General & abstract terms		make	
TxBnar	E	Green Line	produce	rules	rule	General & abstract terms		make	
Youth_Fiction	file_89		produce	rules	rule	General & abstract terms		make	
spoken	C	New Green Line	produce	rules	rule	General & abstract terms		make	
spoken	A	New Green Line	produce	rules	rule	General & abstract terms		make	
spoken	A	New Green Line	produce	rules	rule	General & abstract terms		make	
BNCspoken	filename#1147		produce	shit	shit	General & abstract terms		made	
BNCspoken	filename#742		produce	specifications	specification	General & abstract terms		made	
BNCspoken	filename#568		produce	term	term	Language & Communication		make	
spoken	E	Hi there	produce	wonders	wonder	General & abstract terms		make	
BNCspoken	filename#461		produce	blankets	blanket	Buildings & House		making	
Youth_Fiction	file_230		produce	building	building	Buildings & House		made	
spoken	C	New Green Line	produce	buildings	building	Buildings & House		made	
Youth_Fiction	file_82		produce	carpet	carpet	Buildings & House		made	
BNCspoken	filename#762		produce	ceiling	ceiling	Buildings & House		made	
Youth_Fiction	file_179		produce	chairs	chair	Buildings & House		making	
BNCspoken	filename#530		produce	dens	den	Buildings & House		make	
Youth_Fiction	file_197		produce	doors	door	Buildings & House		made	
TxBnar	E	Hi there	produce	foundation	foundation	Buildings & House		make	
TxBnar	C	Access	produce	furniture	furniture	Buildings & House		made	
TxBnar	C	Join the Team	produce	home	home	Buildings & House		make	
spoken	C	English in Mind	produce	house	house	Buildings & House		made	
BNCspoken	filename#1028		produce	houses	house	Buildings & House		making	
Youth_Fiction	file_240		produce	pen	pen	Buildings & House		make	
Youth_Fiction	file_258		produce	roof	roof	Buildings & House		made	
Youth_Fiction	file_69		produce	room	room	Buildings & House		made	
Youth_Fiction	file_126		produce	room	room	Buildings & House		make	
Youth_Fiction	file_129		produce	room	room	Buildings & House		make	
spoken	C	Solutions	produce	room	room	Buildings & House		make	
BNCspoken	filename#508		produce	room	room	Buildings & House		make	
spoken	B	Solutions	produce	seat	seat	Buildings & House		made	
Youth_Fiction	file_185		produce	shelter	shelter	Buildings & House		make	
Youth_Fiction	file_262		produce	steeple	steeple	Buildings & House		making	
BNCspoken	filename#413		produce	uni	uni	Buildings & House		make	
Youth_Fiction	file_178		produce	wall	wall	Buildings & House		make	
BNCspoken	filename#1039		produce	wall	wall	Buildings & House		make	
spoken	B	Solutions	produce	windows	window	Buildings & House		made	
BNCspoken	filename#306		produce	armies	army	Industry & Technology		making	
spoken	A	Green Line	produce	cyberpet	cyberpet	Industry & Technology		make	
BNCspoken	filename#74		produce	databases	database	Industry & Technology		making	
BNCspoken	filename#1217		produce	factories	factory	Industry & Technology		make	
spoken	B	Access	produce	farms	farm	Industry & Technology		make	
TxBnar	D	English in Mind	produce	inventions	invention	Industry & Technology		made	
BNCspoken	filename#82		produce	iPod	iPod	Industry & Technology		made	
BNCspoken	filename#685		produce	merchandise	merchandise	Industry & Technology		make	
spoken	B	New Green Line	produce	pennies	penny	Industry & Technology		made	
spoken	B	Solutions	produce	pennies	penny	Industry & Technology		made	
BNCspoken	filename#826		produce	phones	phone	Industry & Technology		make	
BNCspoken	filename#529		produce	printer	printer	Industry & Technology		make	
Youth_Fiction	file_10		produce	weapons	weapon	Industry & Technology		making	
Youth_Fiction	file_200		produce	beasts	beast	Arts & Crafts		make	
BNCspoken	filename#751		produce	burrow	burrow	World, Life & Body		make	
BNCspoken	filename#306		produce	children	children	World, Life & Body		make	
spoken	B	Access	produce	claws	claw	Arts & Crafts		made	
BNCspoken	filename#1101		produce	dog	dog	Arts & Crafts		make	
Youth_Fiction	file_106		produce	egg	egg	Food		make	
BNCspoken	filename#1205		produce	elderflower	elderflower	Drink		make	
Youth_Fiction	file_51		produce	everyone	everyone	World, Life & Body		made	
Youth_Fiction	file_170		produce	lair	lair	World, Life & Body		made	
Youth_Fiction	file_292		produce	life	life	World, Life & Body		making	
Youth_Fiction	file_8		produce	mutants	mutant	World, Life & Body		made	
BNCspoken	filename#357		produce	nest	nest	World, Life & Body		make	
BNCspoken	filename#1186		produce	people	people	World, Life & Body		made	
Youth_Fiction	file_281		produce	people	people	World, Life & Body		made	
Youth_Fiction	file_202		produce	proteins	protein	World, Life & Body		make	
spoken	E	Hi there	produce	soil	soil	World, Life & Body		make	
TxBnar	A	Green Line	produce	tree	tree	World, Life & Body		made	
TxBnar	B	Green Line	produce	web	web	World, Life & Body		made	
spoken	C	New Green Line	produce	web	web	World, Life & Body		making	
spoken	C	New Green Line	produce	web	web	World, Life & Body		making	
TxBnar	D	Join the Team	produce	webs	web	World, Life & Body		made	
spoken	C	New Green Line	produce	webs	web	World, Life & Body		making	
spoken	B	New Green Line	produce	webs	web	World, Life & Body		make	
spoken	B	English in Mind	produce	anything	anything	Materials & Equipment		made	
BNCspoken	filename#679		produce	anything	anything	Materials & Equipment		makes	
BNCspoken	filename#228		produce	ash	ash	Materials & Equipment		make	
Youth_Fiction	file_206		produce	ball	ball	Materials & Equipment		made	
spoken	C	Green Line	produce	balls	ball	Materials & Equipment		made	
BNCspoken	filename#284		produce	banner	banner	Materials & Equipment		made	
spoken	E	Hi there	produce	blocks	block	Materials & Equipment		made	
Youth_Fiction	file_137		produce	blocks of ice	blocks of ice	Materials & Equipment		made	
spoken	A	Join the Team	produce	bonfires	bonfire	Materials & Equipment		make	
BNCspoken	filename#993		produce	bookcase	bookcase	Materials & Equipment		made	
Youth_Fiction	file_44		produce	box	box	Materials & Equipment		made	
BNCspoken	filename#225		produce	box	box	Arts & Crafts		made	
spoken	C	New Green Line	produce	calendar	calendar	Arts & Crafts		make	
TxBnar	C	Access	produce	clay	clay	Arts & Crafts		made	
spoken	D	Solutions	produce	clocks	clock	Arts & Crafts		making	
Youth_Fiction	file_22		produce	cups	cup	Arts & Crafts		made	
BNCspoken	filename#872		produce	engines	engine	Materials & Equipment		make	
TxBnar	D	Green Line	produce	fire	fire	Materials & Equipment		make	
spoken	B	Achievers	produce	fire	fire	Materials & Equipment		make	
spoken	C	Green Line	produce	folder	folder	Language & Communication		make	
spoken	B	Access	produce	footprints	footprint	World, Life & Body		make	
spoken	B	Access	produce	footprints	footprint	World, Life & Body		made	
spoken	E	Hi there	produce	footprints	footprint	World, Life & Body		made	
TxBnar	E	Hi there	produce	fuel	fuel	Materials & Equipment		making	
TxBnar	E	Join the Team	produce	fuel	fuel	Materials & Equipment		making	
spoken	B	Solutions	produce	gadget	gadget	Industry & Technology		made	
BNCspoken	filename#1072		produce	generators and things	generator	Industry & Technology		make	
BNCspoken	filename#934		produce	glass	glass	Materials & Equipment		made	
TxBnar	A	New Green Line	produce	gold	coin	Materials & Equipment		made	
BNCspoken	filename#189		produce	gravy	gold	Food		make	
Youth_Fiction	file_63		produce	gum	gum	World, Life & Body		made	
spoken	A	Join the Team	produce	Guys	Guys	Arts & Crafts		make	
TxBnar	A	Green Line	produce	hole	hole	World, Life & Body		makes	
TxBnar	A	Green Line	produce	hole	hole	Materials & Equipment		makes	
TxBnar	A	Green Line	produce	hole	hole	Materials & Equipment		makes	
TxBnar	E	Access	produce	hole	hole	World, Life & Body		made	
Youth_Fiction	file_115		produce	hole	hole	Materials & Equipment		made	
BNCspoken	filename#618		produce	hole	hole	Materials & Equipment		made	
BNCspoken	filename#986		produce	hole	hole	Materials & Equipment		make	
BNCspoken	filename#261		produce	holes	hole	World, Life & Body		make	
spoken	A	Solutions	produce	instruments	instrument	Sports, Entertainment & Travel		makes	
Youth_Fiction	file_2		produce	into gold	gold	Materials & Equipment		make	
BNCspoken	filename#872		produce	joint	joint	Materials & Equipment		made	
spoken	E	Join the Team	produce	Kleenex	Kleenex	Materials & Equipment		made	
Youth_Fiction	file_288		produce	lamps	lamp	Materials & Equipment		made	
Youth_Fiction	file_197		produce	matchwood	matchwood	Materials & Equipment		made	
BNCspoken	filename#659		produce	mess	mess	Materials & Equipment		made	
TxBnar	C	English in Mind	produce	metal	metal	Materials & Equipment		made	
BNCspoken	filename#1098		produce	object	object	Materials & Equipment		made	
spoken	B	Solutions	produce	object	object	Industry & Technology		made	
spoken	B	Solutions	produce	object	object	Industry & Technology		made	
Youth_Fiction	file_234		produce	objects	object	Materials & Equipment		made	
Youth_Fiction	file_58		produce	paving	paving	Materials & Equipment		make	
BNCspoken	filename#228		produce	plate	plate	Materials & Equipment		make	
BNCspoken	filename#890		produce	present	present	Materials & Equipment		make	
spoken	D	Piece of cake	produce	products	product	Materials & Equipment		make	
spoken	E	Join the Team	produce	products	product	Materials & Equipment		make	
TxBnar	C	New Green Line	produce	rope	rope	Materials & Equipment		make	
TxBnar	D	Achievers	produce	something	something	Arts & Crafts		make	
spoken	D	Solutions	produce	something	something	Materials & Equipment		made	
spoken	A	New Green Line	produce	something	something	Arts & Crafts		make	
spoken	B	Solutions	produce	something	something	Materials & Equipment		make	
spoken	B	Solutions	produce	something	something	Materials & Equipment		make	
spoken	B	Solutions	produce	something	something	Materials & Equipment		make	
BNCspoken	filename#1101		produce	something	something	Materials & Equipment		make	
Youth_Fiction	file_170		produce	spirals	spiral	Materials & Equipment		made	
BNCspoken	filename#49		produce	stain	stain	Materials & Equipment		made	
BNCspoken	filename#292		produce	stalls	stall	Materials & Equipment		make	
Youth_Fiction	file_285		produce	stand	stand	Materials & Equipment		made	
spoken	E	Hi there	produce	tank	tank	Materials & Equipment		make	
spoken	E	Hi there	produce	tank	tank	Materials & Equipment		make	
BNCspoken	filename#787		produce	thing	thing	Materials & Equipment		make	
BNCspoken	filename#902		produce	thread	thread	Language & Communication		making	
BNCspoken	filename#1177		produce	tiles	tile	Materials & Equipment		make	
spoken	E	Join the Team	produce	tissue paper	tissue	Materials & Equipment		made	
spoken	E	Join the Team	produce	tissues	tissue	Materials & Equipment		made	
Youth_Fiction	file_62		produce	traps	trap	Materials & Equipment		made	
BNCspoken	filename#210		produce	triangle	triangle	General & abstract terms		make	
BNCspoken	filename#347		produce	trough	trough	Materials & Equipment		made	
TxBnar	C	New Green Line	produce	wood	wood	Materials & Equipment		made	
BNCspoken	filename#294		produce	bike	bike	Industry & Technology		made	
TxBnar	D	Achievers	produce	boat	boat	Industry & Technology		made	
spoken	D	Hi there	produce	cities	city	Buildings & House		made	
BNCspoken	filename#1031		produce	drive	drive	Industry & Technology		make	
Youth_Fiction	file_208		produce	movements	movement	Sports, Entertainment & Travel		made	
Youth_Fiction	file_288		produce	path	path	Sports, Entertainment & Travel		made	
Youth_Fiction	file_279		produce	path	path	Buildings & House		made	
spoken	A	Solutions	produce	road	road	Buildings & House		made	
Youth_Fiction	file_73		produce	settlements	settlement	Buildings & House		made	
spoken	B	Access	produce	story	story	Language & Communication		make	
BNCspoken	filename#756		produce	tagine	tagine	Food		make	
spoken	E	Hi there	produce	tank	tank	Materials & Equipment		make	
TxBnar	E	Access	produce	throws	throw	Sports, Entertainment & Travel		makes	
Youth_Fiction	file_288		produce	tracks	track	Sports, Entertainment & Travel		made	
spoken	B	English in Mind	produce	tyres	tyre	Materials & Equipment		make	
spoken	B	Solutions	produce	cakes and biscuits	cake and biscuit	Food		made	
TxBnar	B	Achievers	produce	film	film	Sports, Entertainment & Travel		making	
spoken	D	Access	produce	shot	shot	Sports, Entertainment & Travel		make	
BNCspoken	filename#671		produce	album	album	Sports, Entertainment & Travel		make	
spoken	C	English in Mind	produce	band	band	Sports, Entertainment & Travel		make	
spoken	C	English in Mind	produce	CD	CD	Sports, Entertainment & Travel		make	
Youth_Fiction	file_8		produce	clip	clip	Sports, Entertainment & Travel		made	
BNCspoken	filename#26		produce	courses	course	Sports, Entertainment & Travel		make	
TxBnar	B	English in Mind	produce	documentary	documentary	Sports, Entertainment & Travel		made	
TxBnar	B	Achievers	produce	film	film	Sports, Entertainment & Travel		making	
TxBnar	A	Access	produce	film	film	Sports, Entertainment & Travel		made	
TxBnar	B	Access	produce	film	film	Sports, Entertainment & Travel		make	
TxBnar	B	Access	produce	film	film	Sports, Entertainment & Travel		make	
spoken	C	Solutions	produce	film	film	Sports, Entertainment & Travel		make	
spoken	E	Join the Team	produce	film	film	Sports, Entertainment & Travel		made	
spoken	C	Achievers	produce	film	film	Sports, Entertainment & Travel		making	
spoken	A	Access	produce	film	film	Sports, Entertainment & Travel		make	
spoken	C	Achievers	produce	film	film	Sports, Entertainment & Travel		making	
spoken	A	Access	produce	film	film	Sports, Entertainment & Travel		make	
spoken	D	New Green Line	produce	film	film	Sports, Entertainment & Travel		making	
spoken	B	Solutions	produce	film	film	Sports, Entertainment & Travel		made	
spoken	C	Solutions	produce	film	film	Sports, Entertainment & Travel		made	
spoken	B	Solutions	produce	film	film	Sports, Entertainment & Travel		made	
spoken	C	Solutions	produce	film	film	Sports, Entertainment & Travel		making	
spoken	D	Solutions	produce	film	film	Sports, Entertainment & Travel		make	
spoken	A	Access	produce	film	film	Sports, Entertainment & Travel		make	
spoken	A	Access	produce	film	film	Sports, Entertainment & Travel		make	
BNCspoken	filename#281		produce	film	film	Sports, Entertainment & Travel		make	
BNCspoken	filename#872		produce	film	film	Sports, Entertainment & Travel		made	
BNCspoken	filename#1078		produce	film	film	Sports, Entertainment & Travel		made	
spoken	D	New Green Line	produce	film project	project	General & abstract terms		made	
TxBnar	E	New Green Line	produce	films	film	Sports, Entertainment & Travel		made	
TxBnar	B	Achievers	produce	films	film	Sports, Entertainment & Travel		makes	
spoken	B	Hi there	produce	films	film	Sports, Entertainment & Travel		making	
spoken	A	Access	produce	films	film	Sports, Entertainment & Travel		make	
spoken	A	Access	produce	films	film	Sports, Entertainment & Travel		make	
spoken	C	Solutions	produce	films	film	Sports, Entertainment & Travel		made	
spoken	D	Solutions	produce	films	film	Sports, Entertainment & Travel		make	
spoken	C	Achievers	produce	films	film	Sports, Entertainment & Travel		made	
BNCspoken	filename#336		produce	films	film	Sports, Entertainment & Travel		makes	
BNCspoken	filename#413		produce	game	game	Sports, Entertainment & Travel		made	
BNCspoken	filename#14		produce	Gamemaker’s	Gamemaker	Sports, Entertainment & Travel		made	
TxBnar	D	New Green Line	produce	hula hoops	hula hoop	Sports, Entertainment & Travel		makes	
BNCspoken	filename#1202		produce	Lego	Lego	Sports, Entertainment & Travel		make	
BNCspoken	filename#338		produce	Lego models	Lego	Sports, Entertainment & Travel		made	
spoken	E	Hi there	produce	mixtape	mixtape	Sports, Entertainment & Travel		make	
spoken	C	Join the Team	produce	movie	movie	Sports, Entertainment & Travel		made	
spoken	B	New Green Line	produce	movies	movie	Sports, Entertainment & Travel		make	
spoken	C	Solutions	produce	movies	movie	Sports, Entertainment & Travel		made	
TxBnar	C	Access	produce	music	music	Sports, Entertainment & Travel		make	
TxBnar	D	New Green Line	produce	music	music	Sports, Entertainment & Travel		make	
spoken	A	New Green Line	produce	music	music	Sports, Entertainment & Travel		make	
Youth_Fiction	file_165		produce	play	play	Sports, Entertainment & Travel		making	
spoken	B	Access	produce	puppet	puppet	Sports, Entertainment & Travel		made	
spoken	B	Access	produce	puppets	puppet	Sports, Entertainment & Travel		make	
spoken	B	Access	produce	puppets	puppet	Sports, Entertainment & Travel		make	
spoken	C	English in Mind	produce	record	record	Sports, Entertainment & Travel		make	
spoken	C	English in Mind	produce	record	record	Sports, Entertainment & Travel		make	
spoken	C	Access	produce	rhythms	rhythm	Sports, Entertainment & Travel		make	
BNCspoken	filename#514		produce	snowman	snowman	Sports, Entertainment & Travel		make	
Youth_Fiction	file_272		produce	songs	song	Sports, Entertainment & Travel		made	
spoken	C	Solutions	produce	songs	song	Sports, Entertainment & Travel		made	
spoken	B	Solutions	produce	stereo	stereo	Sports, Entertainment & Travel		made	
BNCspoken	filename#877		produce	tracks	track	Sports, Entertainment & Travel		make	
TxBnar	E	Access	produce	TV series	TV series	Sports, Entertainment & Travel		made	
TxBnar	A	Access	produce	video	video	Sports, Entertainment & Travel		make	
spoken	A	Access	produce	video	video	Sports, Entertainment & Travel		make	
spoken	A	Access	produce	video	video	Sports, Entertainment & Travel		make	
spoken	D	Solutions	produce	video	video	Sports, Entertainment & Travel		made	
BNCspoken	filename#197		produce	video	video	Sports, Entertainment & Travel		make	
spoken	D	Solutions	produce	videos	video	Sports, Entertainment & Travel		making	
spoken	A	Achievers	produce	canals	canal	World, Life & Body		made	
spoken	A	Achievers	produce	canals	canal	World, Life & Body		made	
spoken	C	Access	produce	cliffs	cliff	World, Life & Body		made	
TxBnar	D	Green Line	produce	for	world	World, Life & Body		made	
spoken	C	New Green Line	produce	globe	globe	World, Life & Body		made	
TxBnar	A	Piece of cake	produce	lake	lake	World, Life & Body		made	
spoken	E	Hi there	produce	lake	lake	World, Life & Body		made	
Youth_Fiction	file_68		produce	light	light	World, Life & Body		made	
BNCspoken	filename#1167		produce	moon	moon	World, Life & Body		made	
Youth_Fiction	file_13		produce	limpets	island	World, Life & Body		made	
Youth_Fiction	file_121		produce	snow	snow	World, Life & Body		make	
Youth_Fiction	file_241		produce	snowflakes	snowflake	World, Life & Body		made	
BNCspoken	filename#1182		produce	well	well	World, Life & Body		made	
Youth_Fiction	file_75		produce	world	world	World, Life & Body		Make	
